{
  "accuracy": 0.776536312849162,
  "classification_report": {
    "0": {
      "precision": 0.8240740740740741,
      "recall": 0.8090909090909091,
      "f1-score": 0.8165137614678899,
      "support": 110.0
    },
    "1": {
      "precision": 0.704225352112676,
      "recall": 0.7246376811594203,
      "f1-score": 0.7142857142857143,
      "support": 69.0
    },
    "accuracy": 0.776536312849162,
    "macro avg": {
      "precision": 0.764149713093375,
      "recall": 0.7668642951251647,
      "f1-score": 0.765399737876802,
      "support": 179.0
    },
    "weighted avg": {
      "precision": 0.7778754047146526,
      "recall": 0.776536312849162,
      "f1-score": 0.777107419258001,
      "support": 179.0
    }
  },
  "confusion_matrix": [
    [
      89,
      21
    ],
    [
      19,
      50
    ]
  ],
  "n_samples": 179
}