{
  "accuracy": 0.7653631284916201,
  "classification_report": {
    "0": {
      "precision": 0.8148148148148148,
      "recall": 0.8,
      "f1-score": 0.8073394495412844,
      "support": 110.0
    },
    "1": {
      "precision": 0.6901408450704225,
      "recall": 0.7101449275362319,
      "f1-score": 0.7,
      "support": 69.0
    },
    "accuracy": 0.7653631284916201,
    "macro avg": {
      "precision": 0.7524778299426187,
      "recall": 0.755072463768116,
      "f1-score": 0.7536697247706422,
      "support": 179.0
    },
    "weighted avg": {
      "precision": 0.7667561337401606,
      "recall": 0.7653631284916201,
      "f1-score": 0.7659627902209011,
      "support": 179.0
    }
  },
  "confusion_matrix": [
    [
      88,
      22
    ],
    [
      20,
      49
    ]
  ],
  "n_samples": 179
}