{
  "accuracy": 0.770949720670391,
  "classification_report": {
    "0": {
      "precision": 0.8165137614678899,
      "recall": 0.8090909090909091,
      "f1-score": 0.8127853881278538,
      "support": 110.0
    },
    "1": {
      "precision": 0.7,
      "recall": 0.7101449275362319,
      "f1-score": 0.7050359712230215,
      "support": 69.0
    },
    "accuracy": 0.770949720670391,
    "macro avg": {
      "precision": 0.7582568807339449,
      "recall": 0.7596179183135705,
      "f1-score": 0.7589106796754377,
      "support": 179.0
    },
    "weighted avg": {
      "precision": 0.7716006355389268,
      "recall": 0.770949720670391,
      "f1-score": 0.7712506966952649,
      "support": 179.0
    }
  },
  "confusion_matrix": [
    [
      89,
      21
    ],
    [
      20,
      49
    ]
  ],
  "n_samples": 179
}